asset_id,image_filename
ISW/202600001,ISW_202600001.png
ISW/202600002,ISW_202600002.png
ISW/202600003,ISW_202600003.png
ISW/202600004,ISW_202600004.png
ISW/202600005,ISW_202600005.png
ISW/202600006,ISW_202600006.png
ISW/202600007,ISW_202600007.png
ISW/202600008,ISW_202600008.png
ISW/202600009,ISW_202600009.png
ISW/202600010,ISW_202600010.png
ISW/202600011,ISW_202600011.png
ISW/202600012,ISW_202600012.png
ISW/202600013,ISW_202600013.png
ISW/202600014,ISW_202600014.png
ISW/202600015,ISW_202600015.png
ISW/202600016,ISW_202600016.png
ISW/202600017,ISW_202600017.png
ISW/202600018,ISW_202600018.png
ISW/202600019,ISW_202600019.png
ISW/202600020,ISW_202600020.png
ISW/202600021,ISW_202600021.png
ISW/202600022,ISW_202600022.png
ISW/202600023,ISW_202600023.png
ISW/202600024,ISW_202600024.png
ISW/202600025,ISW_202600025.png
ISW/202600026,ISW_202600026.png
ISW/202600027,ISW_202600027.png
ISW/202600028,ISW_202600028.png
ISW/202600029,ISW_202600029.png
ISW/202600030,ISW_202600030.png
ISW/202600031,ISW_202600031.png
ISW/202600032,ISW_202600032.png
ISW/202600033,ISW_202600033.png
ISW/202600034,ISW_202600034.png
ISW/202600035,ISW_202600035.png
ISW/202600036,ISW_202600036.png
ISW/202600037,ISW_202600037.png
ISW/202600038,ISW_202600038.png
ISW/202600039,ISW_202600039.png
ISW/202600040,ISW_202600040.png
ISW/202600041,ISW_202600041.png
ISW/202600042,ISW_202600042.png
ISW/202600043,ISW_202600043.png
ISW/202600044,ISW_202600044.png
ISW/202600045,ISW_202600045.png
ISW/202600046,ISW_202600046.png
ISW/202600047,ISW_202600047.png
ISW/202600048,ISW_202600048.png
ISW/202600049,ISW_202600049.png
ISW/202600050,ISW_202600050.png
ISW/202600051,ISW_202600051.png
ISW/202600052,ISW_202600052.png
ISW/202600053,ISW_202600053.png
ISW/202600054,ISW_202600054.png
ISW/202600055,ISW_202600055.png
ISW/202600056,ISW_202600056.png
ISW/202600057,ISW_202600057.png
ISW/202600058,ISW_202600058.png
ISW/202600059,ISW_202600059.png
ISW/202600060,ISW_202600060.png
ISW/202600061,ISW_202600061.png
ISW/202600062,ISW_202600062.png
ISW/202600063,ISW_202600063.png
ISW/202600064,ISW_202600064.png
ISW/202600065,ISW_202600065.png
ISW/202600066,ISW_202600066.png
ISW/202600067,ISW_202600067.png
ISW/202600068,ISW_202600068.png
ISW/202600069,ISW_202600069.png
ISW/202600070,ISW_202600070.png
ISW/202600071,ISW_202600071.png
ISW/202600072,ISW_202600072.png
ISW/202600073,ISW_202600073.png
ISW/202600074,ISW_202600074.png
ISW/202600075,ISW_202600075.png
ISW/202600076,ISW_202600076.png
ISW/202600077,ISW_202600077.png
ISW/202600078,ISW_202600078.png
ISW/202600079,ISW_202600079.png
ISW/202600080,ISW_202600080.png
ISW/202600081,ISW_202600081.png
ISW/202600082,ISW_202600082.png
ISW/202600083,ISW_202600083.png
ISW/202600084,ISW_202600084.png
ISW/202600085,ISW_202600085.png
ISW/202600086,ISW_202600086.png
ISW/202600087,ISW_202600087.png
ISW/202600088,ISW_202600088.png
ISW/202600089,ISW_202600089.png
ISW/202600090,ISW_202600090.png
ISW/202600091,ISW_202600091.png
ISW/202600092,ISW_202600092.png
ISW/202600093,ISW_202600093.png
ISW/202600094,ISW_202600094.png
ISW/202600095,ISW_202600095.png
ISW/202600096,ISW_202600096.png
ISW/202600097,ISW_202600097.png
ISW/202600098,ISW_202600098.png
ISW/202600099,ISW_202600099.png
ISW/202600100,ISW_202600100.png
ISW/202600101,ISW_202600101.png
ISW/202600102,ISW_202600102.png
ISW/202600103,ISW_202600103.png
ISW/202600104,ISW_202600104.png
ISW/202600105,ISW_202600105.png
ISW/202600106,ISW_202600106.png
ISW/202600107,ISW_202600107.png
ISW/202600108,ISW_202600108.png
ISW/202600109,ISW_202600109.png
ISW/202600110,ISW_202600110.png
ISW/202600111,ISW_202600111.png
ISW/202600112,ISW_202600112.png
ISW/202600113,ISW_202600113.png
ISW/202600114,ISW_202600114.png
ISW/202600115,ISW_202600115.png
ISW/202600116,ISW_202600116.png
ISW/202600117,ISW_202600117.png
ISW/202600118,ISW_202600118.png
ISW/202600119,ISW_202600119.png
ISW/202600120,ISW_202600120.png
ISW/202600121,ISW_202600121.png
ISW/202600122,ISW_202600122.png
ISW/202600123,ISW_202600123.png
ISW/202600124,ISW_202600124.png
ISW/202600125,ISW_202600125.png
ISW/202600126,ISW_202600126.png
ISW/202600127,ISW_202600127.png
ISW/202600128,ISW_202600128.png
ISW/202600129,ISW_202600129.png
ISW/202600130,ISW_202600130.png
ISW/202600131,ISW_202600131.png
ISW/202600132,ISW_202600132.png
ISW/202600133,ISW_202600133.png
ISW/202600134,ISW_202600134.png
ISW/202600135,ISW_202600135.png
ISW/202600136,ISW_202600136.png
ISW/202600137,ISW_202600137.png
ISW/202600138,ISW_202600138.png
ISW/202600139,ISW_202600139.png
ISW/202600140,ISW_202600140.png
ISW/202600141,ISW_202600141.png
ISW/202600142,ISW_202600142.png
ISW/202600143,ISW_202600143.png
ISW/202600144,ISW_202600144.png
ISW/202600145,ISW_202600145.png
ISW/202600146,ISW_202600146.png
ISW/202600147,ISW_202600147.png
ISW/202600148,ISW_202600148.png
ISW/202600149,ISW_202600149.png
ISW/202600150,ISW_202600150.png
ISW/202600151,ISW_202600151.png
ISW/202600152,ISW_202600152.png
ISW/202600153,ISW_202600153.png
ISW/202600154,ISW_202600154.png
ISW/202600155,ISW_202600155.png
ISW/202600156,ISW_202600156.png
ISW/202600157,ISW_202600157.png
ISW/202600158,ISW_202600158.png
ISW/202600159,ISW_202600159.png
ISW/202600160,ISW_202600160.png
ISW/202600161,ISW_202600161.png
ISW/202600162,ISW_202600162.png
ISW/202600163,ISW_202600163.png
ISW/202600164,ISW_202600164.png
ISW/202600165,ISW_202600165.png
ISW/202600166,ISW_202600166.png
ISW/202600167,ISW_202600167.png
ISW/202600168,ISW_202600168.png
ISW/202600169,ISW_202600169.png
ISW/202600170,ISW_202600170.png
ISW/202600171,ISW_202600171.png
ISW/202600172,ISW_202600172.png
ISW/202600173,ISW_202600173.png
ISW/202600174,ISW_202600174.png
ISW/202600175,ISW_202600175.png
ISW/202600176,ISW_202600176.png
ISW/202600177,ISW_202600177.png
ISW/202600178,ISW_202600178.png
ISW/202600179,ISW_202600179.png
ISW/202600180,ISW_202600180.png
ISW/202600181,ISW_202600181.png
ISW/202600182,ISW_202600182.png
ISW/202600183,ISW_202600183.png
ISW/202600184,ISW_202600184.png
ISW/202600185,ISW_202600185.png
ISW/202600186,ISW_202600186.png
ISW/202600187,ISW_202600187.png
ISW/202600188,ISW_202600188.png
ISW/202600189,ISW_202600189.png
ISW/202600190,ISW_202600190.png
ISW/202600191,ISW_202600191.png
ISW/202600192,ISW_202600192.png
ISW/202600193,ISW_202600193.png
ISW/202600194,ISW_202600194.png
ISW/202600195,ISW_202600195.png
ISW/202600196,ISW_202600196.png
ISW/202600197,ISW_202600197.png
ISW/202600198,ISW_202600198.png
ISW/202600199,ISW_202600199.png
ISW/202600200,ISW_202600200.png
ISW/202600201,ISW_202600201.png
ISW/202600202,ISW_202600202.png
ISW/202600203,ISW_202600203.png
ISW/202600204,ISW_202600204.png
ISW/202600205,ISW_202600205.png
ISW/202600206,ISW_202600206.png
ISW/202600207,ISW_202600207.png
ISW/202600208,ISW_202600208.png
ISW/202600209,ISW_202600209.png
ISW/202600210,ISW_202600210.png
ISW/202600211,ISW_202600211.png
ISW/202600212,ISW_202600212.png
ISW/202600213,ISW_202600213.png
ISW/202600214,ISW_202600214.png
ISW/202600215,ISW_202600215.png
ISW/202600216,ISW_202600216.png
ISW/202600217,ISW_202600217.png
ISW/202600218,ISW_202600218.png
ISW/202600219,ISW_202600219.png
ISW/202600220,ISW_202600220.png
ISW/202600221,ISW_202600221.png
ISW/202600222,ISW_202600222.png
ISW/202600223,ISW_202600223.png
ISW/202600224,ISW_202600224.png
ISW/202600225,ISW_202600225.png
ISW/202600226,ISW_202600226.png
ISW/202600227,ISW_202600227.png
ISW/202600228,ISW_202600228.png
ISW/202600229,ISW_202600229.png
ISW/202600230,ISW_202600230.png
ISW/202600231,ISW_202600231.png
ISW/202600232,ISW_202600232.png
ISW/202600233,ISW_202600233.png
ISW/202600234,ISW_202600234.png
ISW/202600235,ISW_202600235.png
ISW/202600236,ISW_202600236.png
ISW/202600237,ISW_202600237.png
ISW/202600238,ISW_202600238.png
ISW/202600239,ISW_202600239.png
ISW/202600240,ISW_202600240.png
ISW/202600241,ISW_202600241.png
ISW/202600242,ISW_202600242.png
ISW/202600243,ISW_202600243.png
ISW/202600244,ISW_202600244.png
ISW/202600245,ISW_202600245.png
ISW/202600246,ISW_202600246.png
ISW/202600247,ISW_202600247.png
ISW/202600248,ISW_202600248.png
ISW/202600249,ISW_202600249.png
ISW/202600250,ISW_202600250.png
ISW/202600251,ISW_202600251.png
ISW/202600252,ISW_202600252.png
ISW/202600253,ISW_202600253.png
ISW/202600254,ISW_202600254.png
ISW/202600255,ISW_202600255.png
ISW/202600256,ISW_202600256.png
ISW/202600257,ISW_202600257.png
ISW/202600258,ISW_202600258.png
ISW/202600259,ISW_202600259.png
ISW/202600260,ISW_202600260.png
ISW/202600261,ISW_202600261.png
ISW/202600262,ISW_202600262.png
ISW/202600263,ISW_202600263.png
ISW/202600264,ISW_202600264.png
ISW/202600265,ISW_202600265.png
ISW/202600266,ISW_202600266.png
ISW/202600267,ISW_202600267.png
ISW/202600268,ISW_202600268.png
ISW/202600269,ISW_202600269.png
ISW/202600270,ISW_202600270.png
ISW/202600271,ISW_202600271.png
ISW/202600272,ISW_202600272.png
ISW/202600273,ISW_202600273.png
ISW/202600274,ISW_202600274.png
ISW/202600275,ISW_202600275.png
ISW/202600276,ISW_202600276.png
ISW/202600277,ISW_202600277.png
ISW/202600278,ISW_202600278.png
ISW/202600279,ISW_202600279.png
ISW/202600280,ISW_202600280.png
ISW/202600281,ISW_202600281.png
ISW/202600282,ISW_202600282.png
ISW/202600283,ISW_202600283.png
ISW/202600284,ISW_202600284.png
ISW/202600285,ISW_202600285.png
ISW/202600286,ISW_202600286.png
ISW/202600287,ISW_202600287.png
ISW/202600288,ISW_202600288.png
ISW/202600289,ISW_202600289.png
ISW/202600290,ISW_202600290.png
ISW/202600291,ISW_202600291.png
ISW/202600292,ISW_202600292.png
ISW/202600293,ISW_202600293.png
ISW/202600294,ISW_202600294.png
ISW/202600295,ISW_202600295.png
ISW/202600296,ISW_202600296.png
ISW/202600297,ISW_202600297.png
ISW/202600298,ISW_202600298.png
ISW/202600299,ISW_202600299.png
ISW/202600300,ISW_202600300.png
ISW/202600301,ISW_202600301.png
ISW/202600302,ISW_202600302.png
ISW/202600303,ISW_202600303.png
ISW/202600304,ISW_202600304.png
ISW/202600305,ISW_202600305.png
ISW/202600306,ISW_202600306.png
ISW/202600307,ISW_202600307.png
ISW/202600308,ISW_202600308.png
ISW/202600309,ISW_202600309.png
ISW/202600310,ISW_202600310.png
ISW/202600311,ISW_202600311.png
ISW/202600312,ISW_202600312.png
ISW/202600313,ISW_202600313.png
ISW/202600314,ISW_202600314.png
ISW/202600315,ISW_202600315.png
ISW/202600316,ISW_202600316.png
ISW/202600317,ISW_202600317.png
ISW/202600318,ISW_202600318.png
ISW/202600319,ISW_202600319.png
ISW/202600320,ISW_202600320.png
ISW/202600321,ISW_202600321.png
ISW/202600322,ISW_202600322.png
ISW/202600323,ISW_202600323.png
ISW/202600324,ISW_202600324.png
ISW/202600325,ISW_202600325.png
ISW/202600326,ISW_202600326.png
ISW/202600327,ISW_202600327.png
ISW/202600328,ISW_202600328.png
ISW/202600329,ISW_202600329.png
ISW/202600330,ISW_202600330.png
ISW/202600331,ISW_202600331.png
ISW/202600332,ISW_202600332.png
ISW/202600333,ISW_202600333.png
ISW/202600334,ISW_202600334.png
ISW/202600335,ISW_202600335.png
ISW/202600336,ISW_202600336.png
ISW/202600337,ISW_202600337.png
ISW/202600338,ISW_202600338.png
ISW/202600339,ISW_202600339.png
ISW/202600340,ISW_202600340.png
ISW/202600341,ISW_202600341.png
ISW/202600342,ISW_202600342.png
ISW/202600343,ISW_202600343.png
ISW/202600344,ISW_202600344.png
ISW/202600345,ISW_202600345.png
ISW/202600346,ISW_202600346.png
ISW/202600347,ISW_202600347.png
ISW/202600348,ISW_202600348.png
ISW/202600349,ISW_202600349.png
ISW/202600350,ISW_202600350.png
ISW/202600351,ISW_202600351.png
ISW/202600352,ISW_202600352.png
ISW/202600353,ISW_202600353.png
ISW/202600354,ISW_202600354.png
ISW/202600355,ISW_202600355.png
ISW/202600356,ISW_202600356.png
ISW/202600357,ISW_202600357.png
ISW/202600358,ISW_202600358.png
ISW/202600359,ISW_202600359.png
ISW/202600360,ISW_202600360.png
ISW/202600361,ISW_202600361.png
ISW/202600362,ISW_202600362.png
ISW/202600363,ISW_202600363.png
ISW/202600364,ISW_202600364.png
ISW/202600365,ISW_202600365.png
ISW/202600366,ISW_202600366.png
ISW/202600367,ISW_202600367.png
ISW/202600368,ISW_202600368.png
ISW/202600369,ISW_202600369.png
ISW/202600370,ISW_202600370.png
ISW/202600371,ISW_202600371.png
ISW/202600372,ISW_202600372.png
ISW/202600373,ISW_202600373.png
ISW/202600374,ISW_202600374.png
ISW/202600375,ISW_202600375.png
ISW/202600376,ISW_202600376.png
ISW/202600377,ISW_202600377.png
ISW/202600378,ISW_202600378.png
ISW/202600379,ISW_202600379.png
ISW/202600380,ISW_202600380.png
ISW/202600381,ISW_202600381.png
ISW/202600382,ISW_202600382.png
ISW/202600383,ISW_202600383.png
ISW/202600384,ISW_202600384.png
ISW/202600385,ISW_202600385.png
ISW/202600386,ISW_202600386.png
ISW/202600387,ISW_202600387.png
ISW/202600388,ISW_202600388.png
ISW/202600389,ISW_202600389.png
ISW/202600390,ISW_202600390.png
ISW/202600391,ISW_202600391.png
ISW/202600392,ISW_202600392.png
ISW/202600393,ISW_202600393.png
ISW/202600394,ISW_202600394.png
ISW/202600395,ISW_202600395.png
ISW/202600396,ISW_202600396.png
ISW/202600397,ISW_202600397.png
ISW/202600398,ISW_202600398.png
ISW/202600399,ISW_202600399.png
ISW/202600400,ISW_202600400.png
ISW/202600401,ISW_202600401.png
ISW/202600402,ISW_202600402.png
ISW/202600403,ISW_202600403.png
ISW/202600404,ISW_202600404.png
ISW/202600405,ISW_202600405.png
ISW/202600406,ISW_202600406.png
ISW/202600407,ISW_202600407.png
ISW/202600408,ISW_202600408.png
ISW/202600409,ISW_202600409.png
ISW/202600410,ISW_202600410.png
ISW/202600411,ISW_202600411.png
ISW/202600412,ISW_202600412.png
ISW/202600413,ISW_202600413.png
ISW/202600414,ISW_202600414.png
ISW/202600415,ISW_202600415.png
ISW/202600416,ISW_202600416.png
ISW/202600417,ISW_202600417.png
ISW/202600418,ISW_202600418.png
ISW/202600419,ISW_202600419.png
ISW/202600420,ISW_202600420.png
ISW/202600421,ISW_202600421.png
ISW/202600422,ISW_202600422.png
ISW/202600423,ISW_202600423.png
ISW/202600424,ISW_202600424.png
ISW/202600425,ISW_202600425.png
ISW/202600426,ISW_202600426.png
ISW/202600427,ISW_202600427.png
ISW/202600428,ISW_202600428.png
ISW/202600429,ISW_202600429.png
ISW/202600430,ISW_202600430.png
ISW/202600431,ISW_202600431.png
ISW/202600432,ISW_202600432.png
ISW/202600433,ISW_202600433.png
ISW/202600434,ISW_202600434.png
ISW/202600435,ISW_202600435.png
ISW/202600436,ISW_202600436.png
ISW/202600437,ISW_202600437.png
ISW/202600438,ISW_202600438.png
ISW/202600439,ISW_202600439.png
ISW/202600440,ISW_202600440.png
ISW/202600441,ISW_202600441.png
ISW/202600442,ISW_202600442.png
ISW/202600443,ISW_202600443.png
ISW/202600444,ISW_202600444.png
ISW/202600445,ISW_202600445.png
ISW/202600446,ISW_202600446.png
ISW/202600447,ISW_202600447.png
ISW/202600448,ISW_202600448.png
ISW/202600449,ISW_202600449.png
ISW/202600450,ISW_202600450.png
ISW/202600451,ISW_202600451.png
ISW/202600452,ISW_202600452.png
ISW/202600453,ISW_202600453.png
ISW/202600454,ISW_202600454.png
ISW/202600455,ISW_202600455.png
ISW/202600456,ISW_202600456.png
ISW/202600457,ISW_202600457.png
ISW/202600458,ISW_202600458.png
ISW/202600459,ISW_202600459.png
ISW/202600460,ISW_202600460.png
ISW/202600461,ISW_202600461.png
ISW/202600462,ISW_202600462.png
ISW/202600463,ISW_202600463.png
ISW/202600464,ISW_202600464.png
ISW/202600465,ISW_202600465.png
ISW/202600466,ISW_202600466.png
ISW/202600467,ISW_202600467.png
ISW/202600468,ISW_202600468.png
ISW/202600469,ISW_202600469.png
ISW/202600470,ISW_202600470.png
ISW/202600471,ISW_202600471.png
ISW/202600472,ISW_202600472.png
ISW/202600473,ISW_202600473.png
ISW/202600474,ISW_202600474.png
ISW/202600475,ISW_202600475.png
ISW/202600476,ISW_202600476.png
ISW/202600477,ISW_202600477.png
ISW/202600478,ISW_202600478.png
ISW/202600479,ISW_202600479.png
ISW/202600480,ISW_202600480.png
ISW/202600481,ISW_202600481.png
ISW/202600482,ISW_202600482.png
ISW/202600483,ISW_202600483.png
ISW/202600484,ISW_202600484.png
ISW/202600485,ISW_202600485.png
ISW/202600486,ISW_202600486.png
ISW/202600487,ISW_202600487.png
ISW/202600488,ISW_202600488.png
ISW/202600489,ISW_202600489.png
ISW/202600490,ISW_202600490.png
ISW/202600491,ISW_202600491.png
ISW/202600492,ISW_202600492.png
ISW/202600493,ISW_202600493.png
ISW/202600494,ISW_202600494.png
ISW/202600495,ISW_202600495.png
ISW/202600496,ISW_202600496.png
ISW/202600497,ISW_202600497.png
ISW/202600498,ISW_202600498.png
ISW/202600499,ISW_202600499.png
ISW/202600500,ISW_202600500.png
ISW/202600501,ISW_202600501.png
ISW/202600502,ISW_202600502.png
ISW/202600503,ISW_202600503.png
ISW/202600504,ISW_202600504.png
ISW/202600505,ISW_202600505.png
ISW/202600506,ISW_202600506.png
ISW/202600507,ISW_202600507.png
ISW/202600508,ISW_202600508.png
ISW/202600509,ISW_202600509.png
ISW/202600510,ISW_202600510.png
ISW/202600511,ISW_202600511.png
ISW/202600512,ISW_202600512.png
ISW/202600513,ISW_202600513.png
ISW/202600514,ISW_202600514.png
ISW/202600515,ISW_202600515.png
ISW/202600516,ISW_202600516.png
ISW/202600517,ISW_202600517.png
ISW/202600518,ISW_202600518.png
ISW/202600519,ISW_202600519.png
ISW/202600520,ISW_202600520.png
ISW/202600521,ISW_202600521.png
ISW/202600522,ISW_202600522.png
ISW/202600523,ISW_202600523.png
ISW/202600524,ISW_202600524.png
ISW/202600525,ISW_202600525.png
ISW/202600526,ISW_202600526.png
ISW/202600527,ISW_202600527.png
ISW/202600528,ISW_202600528.png
ISW/202600529,ISW_202600529.png
ISW/202600530,ISW_202600530.png
ISW/202600531,ISW_202600531.png
ISW/202600532,ISW_202600532.png
ISW/202600533,ISW_202600533.png
ISW/202600534,ISW_202600534.png
ISW/202600535,ISW_202600535.png
ISW/202600536,ISW_202600536.png
ISW/202600537,ISW_202600537.png
ISW/202600538,ISW_202600538.png
ISW/202600539,ISW_202600539.png
ISW/202600540,ISW_202600540.png
ISW/202600541,ISW_202600541.png
ISW/202600542,ISW_202600542.png
ISW/202600543,ISW_202600543.png
ISW/202600544,ISW_202600544.png
ISW/202600545,ISW_202600545.png
ISW/202600546,ISW_202600546.png
ISW/202600547,ISW_202600547.png
ISW/202600548,ISW_202600548.png
ISW/202600549,ISW_202600549.png
ISW/202600550,ISW_202600550.png
ISW/202600551,ISW_202600551.png
ISW/202600552,ISW_202600552.png
ISW/202600553,ISW_202600553.png
ISW/202600554,ISW_202600554.png
ISW/202600555,ISW_202600555.png
ISW/202600556,ISW_202600556.png
ISW/202600557,ISW_202600557.png
ISW/202600558,ISW_202600558.png
ISW/202600559,ISW_202600559.png
ISW/202600560,ISW_202600560.png
ISW/202600561,ISW_202600561.png
ISW/202600562,ISW_202600562.png
ISW/202600563,ISW_202600563.png
ISW/202600564,ISW_202600564.png
ISW/202600565,ISW_202600565.png
ISW/202600566,ISW_202600566.png
ISW/202600567,ISW_202600567.png
ISW/202600568,ISW_202600568.png
ISW/202600569,ISW_202600569.png
ISW/202600570,ISW_202600570.png
ISW/202600571,ISW_202600571.png
ISW/202600572,ISW_202600572.png
ISW/202600573,ISW_202600573.png
ISW/202600574,ISW_202600574.png
ISW/202600575,ISW_202600575.png
ISW/202600576,ISW_202600576.png
ISW/202600577,ISW_202600577.png
ISW/202600578,ISW_202600578.png
ISW/202600579,ISW_202600579.png
ISW/202600580,ISW_202600580.png
ISW/202600581,ISW_202600581.png
ISW/202600582,ISW_202600582.png
ISW/202600583,ISW_202600583.png
ISW/202600584,ISW_202600584.png
ISW/202600585,ISW_202600585.png
ISW/202600586,ISW_202600586.png
ISW/202600587,ISW_202600587.png
ISW/202600588,ISW_202600588.png
ISW/202600589,ISW_202600589.png
ISW/202600590,ISW_202600590.png
ISW/202600591,ISW_202600591.png
ISW/202600592,ISW_202600592.png
ISW/202600593,ISW_202600593.png
ISW/202600594,ISW_202600594.png
ISW/202600595,ISW_202600595.png
ISW/202600596,ISW_202600596.png
ISW/202600597,ISW_202600597.png
ISW/202600598,ISW_202600598.png
ISW/202600599,ISW_202600599.png
ISW/202600600,ISW_202600600.png
ISW/202600601,ISW_202600601.png
ISW/202600602,ISW_202600602.png
ISW/202600603,ISW_202600603.png
ISW/202600604,ISW_202600604.png
ISW/202600605,ISW_202600605.png
ISW/202600606,ISW_202600606.png
ISW/202600607,ISW_202600607.png
ISW/202600608,ISW_202600608.png
ISW/202600609,ISW_202600609.png
ISW/202600610,ISW_202600610.png
ISW/202600611,ISW_202600611.png
ISW/202600612,ISW_202600612.png
ISW/202600613,ISW_202600613.png
ISW/202600614,ISW_202600614.png
ISW/202600615,ISW_202600615.png
ISW/202600616,ISW_202600616.png
ISW/202600617,ISW_202600617.png
ISW/202600618,ISW_202600618.png
ISW/202600619,ISW_202600619.png
ISW/202600620,ISW_202600620.png
ISW/202600621,ISW_202600621.png
ISW/202600622,ISW_202600622.png
ISW/202600623,ISW_202600623.png
ISW/202600624,ISW_202600624.png
ISW/202600625,ISW_202600625.png
ISW/202600626,ISW_202600626.png
ISW/202600627,ISW_202600627.png
ISW/202600628,ISW_202600628.png
ISW/202600629,ISW_202600629.png
ISW/202600630,ISW_202600630.png
ISW/202600631,ISW_202600631.png
ISW/202600632,ISW_202600632.png
ISW/202600633,ISW_202600633.png
ISW/202600634,ISW_202600634.png
ISW/202600635,ISW_202600635.png
ISW/202600636,ISW_202600636.png
ISW/202600637,ISW_202600637.png
ISW/202600638,ISW_202600638.png
ISW/202600639,ISW_202600639.png
ISW/202600640,ISW_202600640.png
ISW/202600641,ISW_202600641.png
ISW/202600642,ISW_202600642.png
ISW/202600643,ISW_202600643.png
ISW/202600644,ISW_202600644.png
ISW/202600645,ISW_202600645.png
ISW/202600646,ISW_202600646.png
ISW/202600647,ISW_202600647.png
ISW/202600648,ISW_202600648.png
ISW/202600649,ISW_202600649.png
ISW/202600650,ISW_202600650.png
ISW/202600651,ISW_202600651.png
ISW/202600652,ISW_202600652.png
ISW/202600653,ISW_202600653.png
ISW/202600654,ISW_202600654.png
ISW/202600655,ISW_202600655.png
ISW/202600656,ISW_202600656.png
ISW/202600657,ISW_202600657.png
ISW/202600658,ISW_202600658.png
ISW/202600659,ISW_202600659.png
ISW/202600660,ISW_202600660.png
ISW/202600661,ISW_202600661.png
ISW/202600662,ISW_202600662.png
ISW/202600663,ISW_202600663.png
ISW/202600664,ISW_202600664.png
ISW/202600665,ISW_202600665.png
ISW/202600666,ISW_202600666.png
ISW/202600667,ISW_202600667.png
ISW/202600668,ISW_202600668.png
ISW/202600669,ISW_202600669.png
ISW/202600670,ISW_202600670.png
ISW/202600671,ISW_202600671.png
ISW/202600672,ISW_202600672.png
ISW/202600673,ISW_202600673.png
ISW/202600674,ISW_202600674.png
ISW/202600675,ISW_202600675.png
ISW/202600676,ISW_202600676.png
ISW/202600677,ISW_202600677.png
ISW/202600678,ISW_202600678.png
ISW/202600679,ISW_202600679.png
ISW/202600680,ISW_202600680.png
ISW/202600681,ISW_202600681.png
ISW/202600682,ISW_202600682.png
ISW/202600683,ISW_202600683.png
ISW/202600684,ISW_202600684.png
ISW/202600685,ISW_202600685.png
ISW/202600686,ISW_202600686.png
ISW/202600687,ISW_202600687.png
ISW/202600688,ISW_202600688.png
ISW/202600689,ISW_202600689.png
ISW/202600690,ISW_202600690.png
ISW/202600691,ISW_202600691.png
ISW/202600692,ISW_202600692.png
ISW/202600693,ISW_202600693.png
ISW/202600694,ISW_202600694.png
ISW/202600695,ISW_202600695.png
ISW/202600696,ISW_202600696.png
ISW/202600697,ISW_202600697.png
ISW/202600698,ISW_202600698.png
ISW/202600699,ISW_202600699.png
ISW/202600700,ISW_202600700.png
ISW/202600701,ISW_202600701.png
ISW/202600702,ISW_202600702.png
ISW/202600703,ISW_202600703.png
ISW/202600704,ISW_202600704.png
ISW/202600705,ISW_202600705.png
ISW/202600706,ISW_202600706.png
ISW/202600707,ISW_202600707.png
ISW/202600708,ISW_202600708.png
ISW/202600709,ISW_202600709.png
ISW/202600710,ISW_202600710.png
ISW/202600711,ISW_202600711.png
ISW/202600712,ISW_202600712.png
ISW/202600713,ISW_202600713.png
ISW/202600714,ISW_202600714.png
ISW/202600715,ISW_202600715.png
ISW/202600716,ISW_202600716.png
ISW/202600717,ISW_202600717.png
ISW/202600718,ISW_202600718.png
ISW/202600719,ISW_202600719.png
ISW/202600720,ISW_202600720.png
ISW/202600721,ISW_202600721.png
ISW/202600722,ISW_202600722.png
ISW/202600723,ISW_202600723.png
ISW/202600724,ISW_202600724.png
ISW/202600725,ISW_202600725.png
ISW/202600726,ISW_202600726.png
ISW/202600727,ISW_202600727.png
ISW/202600728,ISW_202600728.png
ISW/202600729,ISW_202600729.png
ISW/202600730,ISW_202600730.png
ISW/202600731,ISW_202600731.png
ISW/202600732,ISW_202600732.png
ISW/202600733,ISW_202600733.png
ISW/202600734,ISW_202600734.png
ISW/202600735,ISW_202600735.png
ISW/202600736,ISW_202600736.png
ISW/202600737,ISW_202600737.png
ISW/202600738,ISW_202600738.png
ISW/202600739,ISW_202600739.png
ISW/202600740,ISW_202600740.png
ISW/202600741,ISW_202600741.png
ISW/202600742,ISW_202600742.png
ISW/202600743,ISW_202600743.png
ISW/202600744,ISW_202600744.png
ISW/202600745,ISW_202600745.png
ISW/202600746,ISW_202600746.png
ISW/202600747,ISW_202600747.png
ISW/202600748,ISW_202600748.png
ISW/202600749,ISW_202600749.png
ISW/202600750,ISW_202600750.png
ISW/202600751,ISW_202600751.png
ISW/202600752,ISW_202600752.png
ISW/202600753,ISW_202600753.png
ISW/202600754,ISW_202600754.png
ISW/202600755,ISW_202600755.png
ISW/202600756,ISW_202600756.png
ISW/202600757,ISW_202600757.png
ISW/202600758,ISW_202600758.png
ISW/202600759,ISW_202600759.png
ISW/202600760,ISW_202600760.png
ISW/202600761,ISW_202600761.png
ISW/202600762,ISW_202600762.png
ISW/202600763,ISW_202600763.png
ISW/202600764,ISW_202600764.png
ISW/202600765,ISW_202600765.png
ISW/202600766,ISW_202600766.png
ISW/202600767,ISW_202600767.png
ISW/202600768,ISW_202600768.png
ISW/202600769,ISW_202600769.png
ISW/202600770,ISW_202600770.png
ISW/202600771,ISW_202600771.png
ISW/202600772,ISW_202600772.png
ISW/202600773,ISW_202600773.png
ISW/202600774,ISW_202600774.png
ISW/202600775,ISW_202600775.png
ISW/202600776,ISW_202600776.png
ISW/202600777,ISW_202600777.png
ISW/202600778,ISW_202600778.png
ISW/202600779,ISW_202600779.png
ISW/202600780,ISW_202600780.png
ISW/202600781,ISW_202600781.png
ISW/202600782,ISW_202600782.png
ISW/202600783,ISW_202600783.png
ISW/202600784,ISW_202600784.png
ISW/202600785,ISW_202600785.png
ISW/202600786,ISW_202600786.png
ISW/202600787,ISW_202600787.png
ISW/202600788,ISW_202600788.png
ISW/202600789,ISW_202600789.png
ISW/202600790,ISW_202600790.png
ISW/202600791,ISW_202600791.png
ISW/202600792,ISW_202600792.png
ISW/202600793,ISW_202600793.png
ISW/202600794,ISW_202600794.png
ISW/202600795,ISW_202600795.png
ISW/202600796,ISW_202600796.png
ISW/202600797,ISW_202600797.png
ISW/202600798,ISW_202600798.png
ISW/202600799,ISW_202600799.png
ISW/202600800,ISW_202600800.png
ISW/202600801,ISW_202600801.png
ISW/202600802,ISW_202600802.png
ISW/202600803,ISW_202600803.png
ISW/202600804,ISW_202600804.png
ISW/202600805,ISW_202600805.png
ISW/202600806,ISW_202600806.png
ISW/202600807,ISW_202600807.png
ISW/202600808,ISW_202600808.png
ISW/202600809,ISW_202600809.png
ISW/202600810,ISW_202600810.png
ISW/202600811,ISW_202600811.png
ISW/202600812,ISW_202600812.png
ISW/202600813,ISW_202600813.png
ISW/202600814,ISW_202600814.png
ISW/202600815,ISW_202600815.png
ISW/202600816,ISW_202600816.png
ISW/202600817,ISW_202600817.png
ISW/202600818,ISW_202600818.png
ISW/202600819,ISW_202600819.png
ISW/202600820,ISW_202600820.png
ISW/202600821,ISW_202600821.png
ISW/202600822,ISW_202600822.png
ISW/202600823,ISW_202600823.png
ISW/202600824,ISW_202600824.png
ISW/202600825,ISW_202600825.png
ISW/202600826,ISW_202600826.png
ISW/202600827,ISW_202600827.png
ISW/202600828,ISW_202600828.png
ISW/202600829,ISW_202600829.png
ISW/202600830,ISW_202600830.png
ISW/202600831,ISW_202600831.png
ISW/202600832,ISW_202600832.png
ISW/202600833,ISW_202600833.png
ISW/202600834,ISW_202600834.png
ISW/202600835,ISW_202600835.png
ISW/202600836,ISW_202600836.png
ISW/202600837,ISW_202600837.png
ISW/202600838,ISW_202600838.png
ISW/202600839,ISW_202600839.png
ISW/202600840,ISW_202600840.png
ISW/202600841,ISW_202600841.png
ISW/202600842,ISW_202600842.png
ISW/202600843,ISW_202600843.png
ISW/202600844,ISW_202600844.png
ISW/202600845,ISW_202600845.png
ISW/202600846,ISW_202600846.png
ISW/202600847,ISW_202600847.png
ISW/202600848,ISW_202600848.png
ISW/202600849,ISW_202600849.png
ISW/202600850,ISW_202600850.png
ISW/202600851,ISW_202600851.png
ISW/202600852,ISW_202600852.png
ISW/202600853,ISW_202600853.png
ISW/202600854,ISW_202600854.png
ISW/202600855,ISW_202600855.png
ISW/202600856,ISW_202600856.png
ISW/202600857,ISW_202600857.png
ISW/202600858,ISW_202600858.png
ISW/202600859,ISW_202600859.png
ISW/202600860,ISW_202600860.png
ISW/202600861,ISW_202600861.png
ISW/202600862,ISW_202600862.png
ISW/202600863,ISW_202600863.png
ISW/202600864,ISW_202600864.png
ISW/202600865,ISW_202600865.png
ISW/202600866,ISW_202600866.png
ISW/202600867,ISW_202600867.png
ISW/202600868,ISW_202600868.png
ISW/202600869,ISW_202600869.png
ISW/202600870,ISW_202600870.png
ISW/202600871,ISW_202600871.png
ISW/202600872,ISW_202600872.png
ISW/202600873,ISW_202600873.png
ISW/202600874,ISW_202600874.png
ISW/202600875,ISW_202600875.png
ISW/202600876,ISW_202600876.png
ISW/202600877,ISW_202600877.png
ISW/202600878,ISW_202600878.png
ISW/202600879,ISW_202600879.png
ISW/202600880,ISW_202600880.png
ISW/202600881,ISW_202600881.png
ISW/202600882,ISW_202600882.png
ISW/202600883,ISW_202600883.png
ISW/202600884,ISW_202600884.png
ISW/202600885,ISW_202600885.png
ISW/202600886,ISW_202600886.png
ISW/202600887,ISW_202600887.png
ISW/202600888,ISW_202600888.png
ISW/202600889,ISW_202600889.png
ISW/202600890,ISW_202600890.png
ISW/202600891,ISW_202600891.png
ISW/202600892,ISW_202600892.png
ISW/202600893,ISW_202600893.png
ISW/202600894,ISW_202600894.png
ISW/202600895,ISW_202600895.png
ISW/202600896,ISW_202600896.png
ISW/202600897,ISW_202600897.png
ISW/202600898,ISW_202600898.png
ISW/202600899,ISW_202600899.png
ISW/202600900,ISW_202600900.png
ISW/202600901,ISW_202600901.png
ISW/202600902,ISW_202600902.png
ISW/202600903,ISW_202600903.png
ISW/202600904,ISW_202600904.png
ISW/202600905,ISW_202600905.png
ISW/202600906,ISW_202600906.png
ISW/202600907,ISW_202600907.png
ISW/202600908,ISW_202600908.png
ISW/202600909,ISW_202600909.png
ISW/202600910,ISW_202600910.png
ISW/202600911,ISW_202600911.png
ISW/202600912,ISW_202600912.png
ISW/202600913,ISW_202600913.png
ISW/202600914,ISW_202600914.png
ISW/202600915,ISW_202600915.png
ISW/202600916,ISW_202600916.png
ISW/202600917,ISW_202600917.png
ISW/202600918,ISW_202600918.png
ISW/202600919,ISW_202600919.png
ISW/202600920,ISW_202600920.png
ISW/202600921,ISW_202600921.png
ISW/202600922,ISW_202600922.png
ISW/202600923,ISW_202600923.png
ISW/202600924,ISW_202600924.png
ISW/202600925,ISW_202600925.png
ISW/202600926,ISW_202600926.png
ISW/202600927,ISW_202600927.png
ISW/202600928,ISW_202600928.png
ISW/202600929,ISW_202600929.png
ISW/202600930,ISW_202600930.png
ISW/202600931,ISW_202600931.png
ISW/202600932,ISW_202600932.png
ISW/202600933,ISW_202600933.png
ISW/202600934,ISW_202600934.png
ISW/202600935,ISW_202600935.png
ISW/202600936,ISW_202600936.png
ISW/202600937,ISW_202600937.png
ISW/202600938,ISW_202600938.png
ISW/202600939,ISW_202600939.png
ISW/202600940,ISW_202600940.png
ISW/202600941,ISW_202600941.png
ISW/202600942,ISW_202600942.png
ISW/202600943,ISW_202600943.png
ISW/202600944,ISW_202600944.png
ISW/202600945,ISW_202600945.png
ISW/202600946,ISW_202600946.png
ISW/202600947,ISW_202600947.png
ISW/202600948,ISW_202600948.png
ISW/202600949,ISW_202600949.png
ISW/202600950,ISW_202600950.png
ISW/202600951,ISW_202600951.png
ISW/202600952,ISW_202600952.png
ISW/202600953,ISW_202600953.png
ISW/202600954,ISW_202600954.png
ISW/202600955,ISW_202600955.png
ISW/202600956,ISW_202600956.png
ISW/202600957,ISW_202600957.png
ISW/202600958,ISW_202600958.png
ISW/202600959,ISW_202600959.png
ISW/202600960,ISW_202600960.png
ISW/202600961,ISW_202600961.png
ISW/202600962,ISW_202600962.png
ISW/202600963,ISW_202600963.png
ISW/202600964,ISW_202600964.png
ISW/202600965,ISW_202600965.png
ISW/202600966,ISW_202600966.png
ISW/202600967,ISW_202600967.png
ISW/202600968,ISW_202600968.png
ISW/202600969,ISW_202600969.png
ISW/202600970,ISW_202600970.png
ISW/202600971,ISW_202600971.png
ISW/202600972,ISW_202600972.png
ISW/202600973,ISW_202600973.png
ISW/202600974,ISW_202600974.png
ISW/202600975,ISW_202600975.png
ISW/202600976,ISW_202600976.png
ISW/202600977,ISW_202600977.png
ISW/202600978,ISW_202600978.png
ISW/202600979,ISW_202600979.png
ISW/202600980,ISW_202600980.png
ISW/202600981,ISW_202600981.png
ISW/202600982,ISW_202600982.png
ISW/202600983,ISW_202600983.png
ISW/202600984,ISW_202600984.png
ISW/202600985,ISW_202600985.png
ISW/202600986,ISW_202600986.png
ISW/202600987,ISW_202600987.png
ISW/202600988,ISW_202600988.png
ISW/202600989,ISW_202600989.png
ISW/202600990,ISW_202600990.png
ISW/202600991,ISW_202600991.png
ISW/202600992,ISW_202600992.png
ISW/202600993,ISW_202600993.png
ISW/202600994,ISW_202600994.png
ISW/202600995,ISW_202600995.png
ISW/202600996,ISW_202600996.png
ISW/202600997,ISW_202600997.png
ISW/202600998,ISW_202600998.png
ISW/202600999,ISW_202600999.png
ISW/202601000,ISW_202601000.png
